Gene,Importance
P1TLH_TCCCGATCAGTCAGCC_1,0.005225502959878328
P1TLH_ACCGTAACACAACTGT_1,0.005201105746720039
P1TLH_GATGAAAGTCGCATAT_1,0.004778401198705175
P1TLH_TGGCGCATCCGGCACA_1,0.004641099852899786
P1TLH_CGGGTCAAGGCCGAAT_1,0.004374336321134414
P1TLH_ACTTTCAGTGTGAATA_1,0.004292069887949375
P1TLH_TCCCGATAGAACAACT_1,0.00412673777769135
P1TLH_GAAATGAGTCAGAAGC_1,0.004063617578424626
P1TLH_CGTCAGGAGGCCCTCA_1,0.004039398129723183
P1TLH_GTCACGGTCACCATAG_1,0.0038886682980343954
P1TLH_GACTAACAGAATTGTG_1,0.0037362136195552564
P1TLH_CTGATAGTCGGTCCGA_1,0.0037271527428310238
P1TLH_CGGAGTCAGTTGCAGG_1,0.003639398753094868
P1TLH_TCATTACAGGAGCGAG_1,0.0036143547944570086
P1TLH_CTGATAGGTTCCGGCA_1,0.003424109715185735
P1TLH_TACCTATGTAGAAGGA_1,0.0033127699084596184
P1TLH_AGTGAGGAGTGTGAAT_1,0.003310218705969818
P1TLH_TCGGGACTCACCATAG_1,0.0032914409288198115
P1TLH_GACTAACTCTAACTCT_1,0.0032811934571955153
P1TLH_TGTGGTATCACGAAGG_1,0.003266902174957679
P1TLH_AGAGCTTTCGTTACGA_1,0.0032455329037017655
P1TLH_CCCAGTTCACAGTCGC_1,0.0030772708719441944
P1TLH_TCCCGATGTGCTGTAT_1,0.0030627004071311272
P1TLH_GGCTCGACAAGCCTAT_1,0.0030528608916579065
P1TLH_TCTATTGGTGTGTGCC_1,0.002930186125878141
P1TLH_TAAGCGTAGATAGCAT_1,0.0029033056737311253
P1TLH_TGTCCCACAATTCCTT_1,0.0028796051789135284
P1TLH_AGGCCGTGTGGGTATG_1,0.00285354539777611
P1TLH_TACACGATCTGTACGA_1,0.0027318382721912204
P1TLH_AAAGTAGTCTGCGGCA_1,0.002706389761299104
P1TLH_GGACATTAGTCGCCGT_1,0.0026813471585139105
P1TLH_GCTCCTACAACACCCG_1,0.0026799833040635846
P1TLH_AAGGAGCGTCTCGTTC_1,0.0026562401422872946
P1TLH_CAGAATCGTCAGATAA_1,0.0026460337770995456
P1TLH_TCTCATATCAACCAAC_1,0.002630045734633016
P1TLH_GACTAACAGAAACGCC_1,0.002587568607554398
P1TLH_CAGTAACTCTGCCCTA_1,0.0025242524433679954
P1TLH_CCAGCGACATTGGCGC_1,0.00249766838594841
P1TLH_CACACAAGTCACTTCC_1,0.0024418239168684354
P1TLH_ACACCAACACAACGCC_1,0.0024216246208403195
P1TLH_TCCCGATGTTGATTCG_1,0.0024082807809656377
P1TLH_TGACGGCTCGCAAGCC_1,0.002370601538252215
P1TLH_CCTTACGTCAAACGGG_1,0.002343636510274973
P1TLH_CTAAGACTCGACGGAA_1,0.002314423537180838
P1TLH_CTGCCTATCATTTGGG_1,0.002297790556795692
P1TLH_GCTGCTTCAGGATTGG_1,0.0022881371418801977
P1TLH_TGAGGGAGTATTAGCC_1,0.002254819579644714
P1TLH_CTTAGGAGTAACGACG_1,0.0022327493484610808
P1TLH_GAAACTCCATCATCCC_1,0.0022282543914066764
P1TLH_GGCAATTAGCGTGAAC_1,0.0022267215042936464
P1TLH_GGATGTTAGCCACGTC_1,0.0021862277769479172
P1TLH_CGTGAGCTCCTGCAGG_1,0.002171651882194044
P1TLH_CGATTGACACTTAAGC_1,0.002144393907436907
P1TLH_GTTTCTAAGACATAAC_1,0.0021412201594503705
P1TLH_AGAGTGGTCAGTGTTG_1,0.0021394666494022347
P1TLH_CTAGAGTCAGATCCAT_1,0.0021113848170938314
P1TLH_CTGAAACCAGACGCCT_1,0.0020934317060613697
P1TLH_GCAGCCACAAGGTTCT_1,0.0020767462860813548
P1TLH_TATCAGGAGCGTTTAC_1,0.0020557101260010166
P1TLH_CATCGGGAGTAAGTAC_1,0.002053099870340345
P1TLH_AGGGATGCACGCTTTC_1,0.0020493799098787522
P1TLH_GCAGTTATCCCTCAGT_1,0.0020452053624008706
P1TLH_TGAAAGAAGCGGCTTC_1,0.0020406325421656567
P1TLH_TCAGGTAGTTGCTCCT_1,0.002019496090395912
P1TLH_CAGTAACCAAGCGTAG_1,0.001996384505477221
P1TLH_GTTAAGCAGTACATGA_1,0.0019759087187949838
P1TLH_CAGAATCTCCGCTGTT_1,0.0019718041293602497
P1TLH_ATTGGTGGTTGGACCC_1,0.0019438621664734008
P1TLH_TAGACCACAAATACAG_1,0.001940657111272004
P1TLH_CCTTACGCAGGGATTG_1,0.0019344917066660122
P1TLH_GACTACATCGGAAACG_1,0.0019312910914291864
P1TLH_TCACAAGAGCTCCTTC_1,0.0019259460215803814
P1TLH_ATTACTCAGACAGACC_1,0.0019142858089647977
P1TLH_CCTATTAAGTGAAGAG_1,0.0018798466683331366
P1TLH_TATCTCACACGGCTAC_1,0.0018785018993752653
P1TLH_CCTTTCTAGGCTCTTA_1,0.0018528670639630662
P1TLH_CCTTTCTAGCTAGGCA_1,0.0018451954354661779
P1TLH_TGAGCATTCAACACCA_1,0.00183857469352071
P1TLH_GCATGTATCGGTGTCG_1,0.0018176566620422372
P1TLH_CACTCCACATCCAACA_1,0.0018039402413785675
P1TLH_TACACGATCAAACAAG_1,0.0017891164726523234
P1TLH_CGGCTAGGTTAAGTAG_1,0.0017635838294819816
P1TLH_GGTGTTATCGCGTAGC_1,0.0017574168495167585
P1TLH_AAAGTAGTCAAACGGG_1,0.001743975020992575
P1TLH_GACACGCAGAGCAATT_1,0.0017374756175657846
P1TLH_TCTCTAAGTCAGAAGC_1,0.0017342284516859284
P1TLH_GTTCTCGAGTTCGCGC_1,0.0017306896013611814
P1TLH_CTAGCCTTCCATGCTC_1,0.0017277073453943758
P1TLH_TACTCGCTCACGACTA_1,0.0017263126627038833
P1TLH_ACGAGGAGTGCGAAAC_1,0.0017129751493924817
P1TLH_ATCCGAAGTGAAATCA_1,0.0017098288089385726
P1TLH_AAAGCAAGTTGATTCG_1,0.0016948446114395806
P1TLH_TCTGAGATCATGCAAC_1,0.0016903230585715617
P1TLH_ACTTACTGTGTAACGG_1,0.0016884503368057528
P1TLH_CGATGGCGTCATGCCG_1,0.0016878069818050173
P1TLH_CCTAAAGCAGCGATCC_1,0.0016839373528425945
P1TLH_AGCTCTCCACGTAAGG_1,0.0016734215647860157
P1TLH_ATTATCCGTGACTCAT_1,0.0016730423097536806
P1TLH_ATAAGAGCATAAGACA_1,0.0016718368349955554
P1TLH_CACAAACCAAAGCAAT_1,0.0016694045253775245
P1TLH_CAGTCCTAGTGTTTGC_1,0.001665322811301385
P1TLH_TCGCGAGAGCTGCGAA_1,0.0016610322783257954
P1TLH_TACACGAGTCGCATAT_1,0.0016529204475068816
P1TLH_ACGGAGAAGCGCCTTG_1,0.0016527770789906606
P1TLH_CCAATCCGTCTCTCTG_1,0.0016489392010206674
P1TLH_GTCATTTTCGGAAACG_1,0.001643217261683322
P1TLH_CGTTCTGTCAAACAAG_1,0.0016425945645360193
P1TLH_TACTCATTCAGCTTAG_1,0.001642087087711601
P1TLH_CGAACATCACGTCTCT_1,0.0016369607595029512
P1TLH_CGTCAGGTCACGAAGG_1,0.0016278843363848018
P1TLH_CTCAGAACAGTCGATT_1,0.0016273017461953005
P1TLH_TAGCCGGCAAGGACTG_1,0.0016208209714176003
P1TLH_TAGCCGGTCATGTCTT_1,0.0016193119787248937
P1TLH_GATCGCGAGGTGCAAC_1,0.0016127212199369878
P1TLH_CTCTGGTAGTTAAGTG_1,0.0016084745372050146
P1TLH_TAGAGCTAGCCATCGC_1,0.0016078603622456673
P1TLH_AGAGCTTAGGAGTAGA_1,0.0016075462205025718
P1TLH_AGCATACCAATAGCAA_1,0.0015947824923441952
P1TLH_CATTATCGTTATCGGT_1,0.0015841080098419765
P1TLH_TACGGGCCAAGCCCAC_1,0.0015819399157803822
P1TLH_GGCTGGTGTAGGGTAC_1,0.0015818191474928848
P1TLH_GGACGTCGTCTTCTCG_1,0.0015702793362667978
P1TLH_CCTTACGCACGACTCG_1,0.0015577476287553591
P1TLH_CCAATCCGTTTAGGAA_1,0.0015564127621553014
P1TLH_CGACCTTAGCGTCAAG_1,0.001552165193973852
P1TLH_CGGGTCACACATGTGT_1,0.0015398246586386757
P1TLH_CACAAACCAATTGCTG_1,0.0015296875655943776
P1TLH_TACGGTAAGTGTGGCA_1,0.0015290378547522263
P1TLH_ATGCGATTCGTTGCCT_1,0.001527358420915298
P1TLH_GCTGGGTGTCAACTGT_1,0.0015214494803060497
P1TLH_CTAACTTGTCCAGTTA_1,0.0015211826777261728
P1TLH_GATCAGTCACTACAGT_1,0.0015204191876122047
P1TLH_TGACTAGAGAGTTGGC_1,0.0015164277241630708
P1TLH_GACGTGCTCTTCGGTC_1,0.0015099688200957515
P1TLH_TCCACACCACCACCAG_1,0.0015040125198780307
P1TLH_GCTTGAACAAAGTGCG_1,0.0015037930514375647
P1TLH_GCGACCAAGTTAGCGG_1,0.001489450278041727
P1TLH_ATGAGGGTCTGTCAAG_1,0.0014874993855231442
P1TLH_TCTTCGGGTGATGCCC_1,0.001483670972614578
P1TLH_TGAAAGAGTCCAAGTT_1,0.001478090469840944
P1TLH_CGGACTGCATGACATC_1,0.0014665785866170996
P1TLH_GTCACGGCAAAGCAAT_1,0.0014602984820620798
P1TLH_AGGCCACGTCCAGTTA_1,0.0014570601192934118
P1TLH_ACCAGTACACACGCTG_1,0.0014421674061369189
P1TLH_ATCACGACACGGTAGA_1,0.0014351431824046852
P1TLH_ACATGGTCATCCTTGC_1,0.0014326907617778412
P1TLH_GCATACATCACCCGAG_1,0.00142980089963411
P1TLH_TAGGCATTCTTCGAGA_1,0.0014275795281227708
P1TLH_CACACCTCACGGTGTC_1,0.0014274715436895268
P1TLH_CCTTACGCACTACAGT_1,0.001423892247856991
P1TLH_AGTCTTTGTTGTTTGG_1,0.0014131867828792632
P1TLH_AGATCTGCACCTCGTT_1,0.0014126252475574323
P1TLH_GCACATAGTTCGTTGA_1,0.0014061974432150314
P1TLH_GTAACGTAGCCTATGT_1,0.001393807358324414
P1TLH_GGCGACTAGAGTAAGG_1,0.0013870028985736446
P1TLH_CTCAGAAAGAAGCCCA_1,0.0013786737264408846
P1TLH_CTCGGGACAAAGGAAG_1,0.0013780038017989443
P1TLH_GCCTCTACACCAGTTA_1,0.0013767954256536472
P1TLH_ATAAGAGGTGTCTGAT_1,0.001373929456928098
P1TLH_TCAGATGAGAGTACCG_1,0.0013703492443277643
P1TLH_CGAACATTCTACTCAT_1,0.0013692659372191176
P1TLH_TGAGGGACACAGACTT_1,0.0013677969975553193
P1TLH_CGCGTTTAGAGGTACC_1,0.0013653363471131615
P1TLH_ACCAGTAAGGATGTAT_1,0.001365215343272549
P1TLH_CAGCAGCTCACCCTCA_1,0.001358319484394862
P1TLH_TCAATCTCAATGTAAG_1,0.0013512821972939573
P1TLH_GATCAGTCACGAGAGT_1,0.0013460214498734668
P1TLH_CTCTACGAGGATATAC_1,0.001345718531131462
P1TLH_ACTGAACGTGAGGCTA_1,0.0013420584398734611
P1TLH_CAGCAGCGTAGCACGA_1,0.0013386735888841937
P1TLH_CCCATACAGAGTAAGG_1,0.0013295997095207422
P1TLH_CCACCTATCATCTGTT_1,0.0013221986229331776
P1TLH_ACAGCTATCAGTGCAT_1,0.0013213079645219984
P1TLH_CTGATAGAGGTAGCCA_1,0.0013191333251656337
P1TLH_CGTTAGATCTAGAGTC_1,0.001318437521434917
P1TLH_GTAGTCAAGGAGTCTG_1,0.0013174428481489723
P1TLH_ATTGGTGCAAGTCTGT_1,0.001308632749864786
P1TLH_GCAGTTACAATCAGAA_1,0.0013036163640663097
P1TLH_TAAGAGACACGGTAAG_1,0.001301755133688302
P1TLH_CTCAGAAAGTAGCGGT_1,0.001299632728380811
P1TLH_CAGTAACAGCTACCGC_1,0.0012983197638309113
P1TLH_CCTCTGATCAATACCG_1,0.0012978579482036394
P1TLH_TGACTTTGTGAAAGAG_1,0.0012956231893620346
P1TLH_CTAATGGTCTAGCACA_1,0.0012937899036309355
P1TLH_CCACCTAAGGCAGTCA_1,0.0012888722141549762
P1TLH_CTGCGGACAAGTCATC_1,0.0012864928190287695
P1TLH_GGATTACTCGCGCCAA_1,0.0012864712669139926
P1TLH_CCCAGTTAGTCCAGGA_1,0.001285732950255858
P1TLH_GCGACCATCTGCAGTA_1,0.0012819606517711385
P1TLH_AGGCCACCAGGTCCAC_1,0.0012797483500875517
P1TLH_CTGCTGTAGCAATCTC_1,0.001276666435602196
P1TLH_AGGGAGTTCTCAAACG_1,0.0012738894502222846
P1TLH_CCGGGATAGATCCCAT_1,0.0012730587476951418
P1TLH_CTACATTAGGTGACCA_1,0.001272112245223927
P1TLH_TGATTTCCACGGTAGA_1,0.0012691534315400878
P1TLH_ACGGCCAAGGCTACGA_1,0.0012633201060827004
P1TLH_TCTTTCCCATGTTCCC_1,0.0012622360373889115
P1TLH_CACAAACAGTCGTACT_1,0.0012600236609568041
P1TLH_GAGTCCGAGTGAACGC_1,0.0012583666573088537
P1TLH_ATAACGCAGAGAGCTC_1,0.0012550306729328562
P1TLH_TAGACCATCATCTGCC_1,0.0012547147647763942
P1TLH_GTCCTCATCCACGACG_1,0.0012534047374515183
P1TLH_ATTATCCCATTCCTCG_1,0.001253194712514257
P1TLH_GTGCGGTAGCCACGTC_1,0.0012514453869769896
P1TLH_AGGTCCGTCGCCCTTA_1,0.0012468942287610673
P1TLH_GTTTCTACACGGCGTT_1,0.0012438378876203542
P1TLH_ACGGCCAGTACAGTTC_1,0.001236796559688202
P1TLH_GTGCGGTCATGGTTGT_1,0.0012356458349353616
P1TLH_CTAAGACAGCGCCTCA_1,0.0012334180914973516
P1TLH_GTGCGGTTCGGAAACG_1,0.0012323397753334641
P1TLH_CCTTACGTCCCTAATT_1,0.0012319673592785297
P1TLH_GCGCAACTCAAGGCTT_1,0.0012309254830942117
P1TLH_CACACCTCAACTGGCC_1,0.001228493771589312
P1TLH_TCACAAGAGTCCCACG_1,0.001227453617965533
P1TLH_GTGTGCGTCAATACCG_1,0.0012272914693183274
P1TLH_TCAACGAAGGCGTACA_1,0.0012240507774563354
P1TLH_TCACGAAAGTGGTCCC_1,0.0012230302879771924
P1TLH_GTCCTCAAGCAGATCG_1,0.0012180577637249705
P1TLH_GTAACTGAGCCAACAG_1,0.0012174715766260751
P1TLH_CCCTCCTTCTCTTATG_1,0.001213423300541506
P1TLH_GCTTGAAGTGCAACTT_1,0.0012133596055476105
P1TLH_GTGCGGTAGTCAATAG_1,0.0012077591695956514
P1TLH_TCAGATGGTCTTGTCC_1,0.001205469880635026
P1TLH_GATCAGTGTTCCAACA_1,0.0012051630879898107
P1TLH_TATCAGGTCTAACCGA_1,0.0012043998486797548
P1TLH_ACTGATGTCAACACGT_1,0.0012042534846969325
P1TLH_ACTGCTCGTACTCAAC_1,0.0012038902609743307
P1TLH_AAGTCTGGTCTGGAGA_1,0.0012024083238706621
P1TLH_CTGCCTAGTTCCTCCA_1,0.0011986011382655918
P1TLH_AACTCTTTCAACGAAA_1,0.0011973674942492541
P1TLH_GACTAACCATGCATGT_1,0.0011941096220282723
P1TLH_GGGACCTTCCCGACTT_1,0.0011934785535950543
P1TLH_GCTCCTAAGAGTCGGT_1,0.0011933420972172106
P1TLH_GACAGAGGTGTGGCTC_1,0.0011914054122213
P1TLH_AGCAGCCGTAGAGGAA_1,0.0011908191647249235
P1TLH_AACTCAGTCGGAGCAA_1,0.0011902537652313707
P1TLH_AAACCTGTCCTCATTA_1,0.0011878691447099756
P1TLH_CAGTAACCAGATGAGC_1,0.001186929447913886
P1TLH_TAGAGCTTCCGTACAA_1,0.0011854884611453274
P1TLH_CGGACACTCGCGATCG_1,0.001180456567569318
P1TLH_CCCATACCAACACCCG_1,0.001179203835575042
P1TLH_GACAGAGGTCAAAGCG_1,0.0011754162202641128
P1TLH_CGTAGGCAGTTGTAGA_1,0.0011731758922053854
P1TLH_TACTCATAGTAGCGGT_1,0.00117144857555923
P1TLH_GTATCTTGTTCGCGAC_1,0.001168631946306409
P1TLH_ATTGGACAGCCTCGTG_1,0.0011666773821343997
P1TLH_CTTGGCTGTAAAGGAG_1,0.0011666101448801727
P1TLH_TGCCCTAGTACACCGC_1,0.001166581089301909
P1TLH_TCAGCTCGTACAGACG_1,0.0011664897692834763
P1TLH_TATCTCAAGACTAAGT_1,0.0011596219036867448
P1TLH_TACCTATAGGACAGCT_1,0.0011549571397615375
P1TLH_CTCATTACAGACACTT_1,0.0011547835493147744
P1TLH_AGCTCTCCAGGGCATA_1,0.0011509677056764768
P1TLH_TGGGAAGGTGAAATCA_1,0.0011502415235914137
P1TLH_GAGCAGAAGGTAAACT_1,0.0011488035904703563
P1TLH_CCTAAAGGTCGAGATG_1,0.0011484702029618695
P1TLH_CGAGAAGGTTATGCGT_1,0.00114636477636234
P1TLH_AACTCCCAGATCCCGC_1,0.0011459936370895119
P1TLH_GTACTTTTCAGTCCCT_1,0.0011417688910215146
P1TLH_GCCTCTAGTCCTGCTT_1,0.0011358435399504482
P1TLH_CATGACAAGGGCACTA_1,0.0011355299937531912
P1TLH_GTCAAGTTCTCTTATG_1,0.0011347891979631552
P1TLH_CTCATTAAGCCCTAAT_1,0.0011343260456551083
P1TLH_AGCGTCGAGGGTGTGT_1,0.0011317060129399964
P1TLH_GACGCGTAGACCTTTG_1,0.0011316993853294497
P1TLH_GACGGCTAGCCGTCGT_1,0.0011275687532135115
P1TLH_CTGATCCAGTCACGCC_1,0.0011264506998009524
P1TLH_GTGCTTCAGTCCTCCT_1,0.001125771623053907
P1TLH_CACATTTGTACCGAGA_1,0.001121722996487051
P1TLH_GTGCATATCTAACTTC_1,0.0011214225855952682
P1TLH_TCAATCTGTGACCAAG_1,0.0011189111527552893
P1TLH_TCTTTCCTCATCGGAT_1,0.0011164207460609892
P1TLH_GTTTCTATCAGCGACC_1,0.0011152481206747919
P1TLH_TGCGTGGCAGCCAATT_1,0.0011143086304178731
P1TLH_CTACACCGTGCTCTTC_1,0.001113549069422404
P1TLH_ACTGCTCGTGAGGGAG_1,0.0011122223539970903
P1TLH_AACGTTGCAGCCACCA_1,0.001109116364685179
P1TLH_ATGAGGGTCTTGTCAT_1,0.0011080370922858323
P1TLH_GCAGCCATCTCCCTGA_1,0.0011071147814728382
P1TLH_TGGCTGGTCCGTAGTA_1,0.001106896911918593
P1TLH_GTTAAGCGTAGCACGA_1,0.0011064652994189406
P1TLH_GATGCTACAGTAACGG_1,0.001102801424760193
P1TLH_CGATCGGGTTCGTTGA_1,0.0010959995134797978
P1TLH_GCACATAAGAACAACT_1,0.0010954746995509492
P1TLH_AAAGCAAGTGTTTGTG_1,0.0010947916338420447
P1TLH_TCGGTAATCTTGACGA_1,0.0010943780159756763
P1TLH_GACCAATGTTTAGGAA_1,0.0010938956060674253
P1TLH_AGGGATGAGCGATAGC_1,0.0010912361987632652
P1TLH_CACACCTGTAGATTAG_1,0.001090255833396911
P1TLH_ATGAGGGGTCACCCAG_1,0.0010897862273671504
P1TLH_AGCTTGAGTGAGGCTA_1,0.001086920332759794
P1TLH_GCGCAGTCATCGGACC_1,0.0010854504736971151
P1TLH_GTGAAGGTCCTTTACA_1,0.0010832441937639254
P1TLH_ATTATCCGTCGACTAT_1,0.001078501488390138
P1TLH_GTGCATAAGGCCCTTG_1,0.0010766379164928444
P1TLH_TCACGAATCGGCCGAT_1,0.0010760758760468266
P1TLH_GGACAGAAGGTCATCT_1,0.0010744813190631964
P1TLH_CACATAGTCCAAGTAC_1,0.0010743580961178625
P1TLH_GTCAAGTAGCAGGTCA_1,0.001072116979526676
P1TLH_CTACATTAGTGACTCT_1,0.0010691672560821275
P1TLH_CCAATCCGTTAAGTAG_1,0.0010647458196427636
P1TLH_AGCTCTCCAACAACCT_1,0.0010645108114782247
P1TLH_CCGTGGAAGTCGTACT_1,0.0010635087539980167
P1TLH_TGAGGGACAAATACAG_1,0.0010628524146248694
P1TLH_ATCGAGTAGCCAGGAT_1,0.001061631699886449
P1TLH_TGGTTAGAGTACGACG_1,0.0010578930014836212
P1TLH_ACGGAGAAGATATACG_1,0.0010550601260531727
P1TLH_GGCGACTAGGGCACTA_1,0.0010522756472462328
P1TLH_CGCTATCAGTAGGCCA_1,0.0010484860494365054
P1TLH_CCCAATCGTGGTCTCG_1,0.001046967695255972
P1TLH_CACAGGCGTTAAGAAC_1,0.0010447144901729608
P1TLH_TGGCCAGCATCTCGCT_1,0.001043416452282016
P1TLH_TCTATTGAGGCATGGT_1,0.0010404520289775594
P1TLH_GGGACCTGTGGTCTCG_1,0.0010401149344234951
P1TLH_GCAGTTACAAGTTCTG_1,0.0010393248303548052
P1TLH_GCCTCTACATGCCCGA_1,0.001038468362645391
P1TLH_GGGTTGCGTTCAGACT_1,0.0010377772535556846
P1TLH_GACGCGTAGTCCTCCT_1,0.0010344960470430368
P1TLH_ACACCAAAGACAGACC_1,0.0010343284682332447
P1TLH_CCATTCGAGGCGCTCT_1,0.0010300169323800134
P1TLH_AGGGATGGTCAGAAGC_1,0.0010294813063651083
P1TLH_GGACAGAAGAGCTATA_1,0.0010282452836524881
P1TLH_CTCGGAGCATTCTCAT_1,0.0010269378535683433
P1TLH_CCTTACGAGTGGAGTC_1,0.0010240420046936714
P1TLH_GACTACAAGGATGTAT_1,0.0010237096892595585
P1TLH_ATTATCCGTCGATTGT_1,0.0010232347916444516
P1TLH_GAATGAAGTCGATTGT_1,0.0010219253518330199
P1TLH_TACCTATGTTGGTGGA_1,0.0010201295000441693
P1TLH_CGCTATCCACGGTGTC_1,0.0010183353465438249
P1TLH_CGTCACTTCCGCGGTA_1,0.0010179059483122375
P1TLH_CTTACCGAGAGTGACC_1,0.0010164973624762692
P1TLH_GAACCTAAGCTCAACT_1,0.0010155844596454577
P1TLH_AGCAGCCAGAGCTATA_1,0.00101364274094481
P1TLH_AGCTCTCGTTACCGAT_1,0.0010134228299806525
P1TLH_TCGGGACTCCGAAGAG_1,0.001013248575311966
P1TLH_CAGTCCTAGCCAACAG_1,0.0010097731957702215
P1TLH_CCCAGTTTCTGATTCT_1,0.0010090248825337764
P1TLH_CGTCACTAGTACATGA_1,0.001006632353345718
P1TLH_ATGGGAGGTGGGTCAA_1,0.00100603431526782
P1TLH_ACGCCGAGTAAGTGGC_1,0.0010029807539732878
P1TLH_AACTCTTCAGACAAGC_1,0.0010027065243754624
P1TLH_GAAGCAGGTAGCGTAG_1,0.0010003829619879543
P1TLH_GTCACAATCACTGGGC_1,0.0009999847063574664
P1TLH_CGTCTACGTCGCTTTC_1,0.0009991870041423363
P1TLH_GGACATTAGATAGCAT_1,0.0009985832930748456
P1TLH_ACGCCAGAGACAGACC_1,0.0009985814863995824
P1TLH_TCTTCGGAGAAACGCC_1,0.0009985158152356506
P1TLH_CTTCTCTAGGAATTAC_1,0.0009943887287622538
P1TLH_CCACCTAAGCCATCGC_1,0.0009942846857472546
P1TLH_CACACAAAGGGCACTA_1,0.0009929208527285174
P1TLH_GGACATTAGGTGATAT_1,0.000991577440490274
P1TLH_AGAGCGAAGCTGAACG_1,0.0009898329360036693
P1TLH_TGGCCAGGTCCGAAGA_1,0.0009898310904164374
P1TLH_GTCGGGTCATTGGTAC_1,0.0009897260590442656
P1TLH_GTTCGGGGTTCCGTCT_1,0.0009882484095603203
P1TLH_GTGTTAGTCGATCCCT_1,0.000986589920923702
P1TLH_TGAAAGAAGGTCGGAT_1,0.0009833090665115334
P1TLH_CCCAGTTAGACGCAAC_1,0.0009826592354225353
P1TLH_TCGCGAGAGAATAGGG_1,0.0009820455477405911
P1TLH_TGACTAGTCCTTAATC_1,0.0009765728690557095
P1TLH_AGGGATGAGACATAAC_1,0.0009750423992402632
P1TLH_CTTACCGTCACCCGAG_1,0.0009735566588758195
P1TLH_GGGTCTGGTCTCCCTA_1,0.0009725665225012732
P1TLH_CGAATGTTCTGTACGA_1,0.0009693997479321317
P1TLH_GTGCATAAGTAGCCGA_1,0.0009691904516399896
P1TLH_CGGACACAGGCAGGTT_1,0.0009688133983018977
P1TLH_TCCACACAGAATGTGT_1,0.0009686343266770088
P1TLH_CTCTGGTGTCTAGTGT_1,0.0009678554451806871
P1TLH_CGCCAAGCACTGCCAG_1,0.0009676606786500023
P1TLH_TGACAACTCCTCATTA_1,0.000967300640109655
P1TLH_AAACGGGGTTCGGGCT_1,0.0009644682608499314
P1TLH_ATGGGAGCAGATCCAT_1,0.0009631659465890383
P1TLH_CAAGTTGAGTAGATGT_1,0.0009615819360715958
P1TLH_CCAATCCAGATCCTGT_1,0.0009615774010177119
P1TLH_ACGATGTGTTGTGGCC_1,0.0009605029400947668
P1TLH_ACTGAACGTTGCTCCT_1,0.0009588307286075542
P1TLH_TACGGATAGATGCCAG_1,0.0009567312331211383
P1TLH_CATGGCGTCTTATCTG_1,0.000954898666145052
P1TLH_CCACTACCATGCAACT_1,0.0009543865065886149
P1TLH_GTCTTCGCATTTGCCC_1,0.0009538918069177211
P1TLH_GAACCTATCTCGAGTA_1,0.0009524500651445595
P1TLH_CCGTGGAAGTGTTGAA_1,0.000952358943930857
P1TLH_CCGGTAGCATACAGCT_1,0.0009519346689735971
P1TLH_GCAGTTATCGCCTGAG_1,0.0009514811400652156
P1TLH_GGACAAGGTGATAAGT_1,0.0009512744749964158
P1TLH_CCGGTAGAGTCCAGGA_1,0.0009511498327248917
P1TLH_CCAATCCTCACGAAGG_1,0.0009499379359728764
P1TLH_CGAGCCATCGGTTCGG_1,0.0009475872992282595
P1TLH_TCTGGAACAGTCGTGC_1,0.000946812747871216
P1TLH_ACAGCCGAGATAGTCA_1,0.000942906235278014
P1TLH_GTGCGGTTCGATGAGG_1,0.0009427451777361212
P1TLH_ACAGCTAAGCTGTTCA_1,0.00093803189440175
P1TLH_ACGTCAAAGCGCTCCA_1,0.0009365225992578111
P1TLH_AGAATAGGTTTCGCTC_1,0.0009362181192114335
P1TLH_AGCTCTCGTGCCTGGT_1,0.0009338709733461674
P1TLH_GTGCTTCCAGAAGCAC_1,0.00093309425456675
P1TLH_GACCAATAGGCATGGT_1,0.0009318065301691118
P1TLH_CTGTTTAGTAAATGTG_1,0.0009307693618047189
P1TLH_ATCGAGTAGTGGTCCC_1,0.000928008437588087
P1TLH_CAACCAATCACATAGC_1,0.0009277465199976193
P1TLH_AACTCAGAGGCGTACA_1,0.0009270474978454726
P1TLH_ACGTCAACACAGAGGT_1,0.0009263161887588408
P1TLH_CGTCAGGTCCCATTAT_1,0.0009248139624898117
P1TLH_TGACTAGGTTGGGACA_1,0.0009243050197219945
P1TLH_CATCCACCATGAAGTA_1,0.0009240179869532664
P1TLH_ACAGCTAAGGAACTGC_1,0.00092393416932639
P1TLH_GTACTCCCAGATGGGT_1,0.0009236546089940124
P1TLH_CAAGATCCAACACGCC_1,0.0009235778882621839
P1TLH_AGGGTGACAGAGCCAA_1,0.0009233555240791684
P1TLH_GTATCTTGTTTACTCT_1,0.0009230723885123768
P1TLH_CGTTGGGTCCTAGAAC_1,0.0009225216437950083
P1TLH_TATGCCCTCTAACTTC_1,0.0009210643944068709
P1TLH_GACAGAGAGAAACCGC_1,0.0009201709474287974
P1TLH_CGCTGGACAAGTAATG_1,0.0009190113028132766
P1TLH_GACCTGGCAAGTTAAG_1,0.0009183765775614003
P1TLH_ACCAGTAAGCCTCGTG_1,0.0009142048754662537
P1TLH_GACTAACCAACACGCC_1,0.0009132899258345104
P1TLH_CCTTACGCATGCATGT_1,0.00091204594681086
P1TLH_ACTGAGTCAAGCGAGT_1,0.0009114628354340229
P1TLH_TGGGAAGGTAGGGTAC_1,0.0009108796921241446
P1TLH_TAGAGCTCACCGGAAA_1,0.0009101870272249182
P1TLH_GGCGACTGTAGCGTCC_1,0.0009093511241055758
P1TLH_CCGTGGAAGTTGAGAT_1,0.0009082925416032683
P1TLH_CACAAACTCTCTAGGA_1,0.0009078755431392853
P1TLH_TGCGGGTAGGTGATAT_1,0.0009067786022454132
P1TLH_GCCTCTACACACAGAG_1,0.0009028966102806716
P1TLH_CTAGTGATCGCGATCG_1,0.000901632734411471
P1TLH_TAGAGCTCACAAGACG_1,0.0008968272240213277
P1TLH_GAGTCCGCAGGTTTCA_1,0.0008964152520738227
P1TLH_CACCTTGAGCCATCGC_1,0.0008954769313212363
P1TLH_AAAGTAGCAGACGTAG_1,0.0008923944103210431
P1TLH_CGTCAGGGTGGTCCGT_1,0.0008904100076212947
P1TLH_CACACCTAGGAGCGAG_1,0.0008875706892732721
P1TLH_GATGAAATCAACGGGA_1,0.000885090921607507
P1TLH_GTGCATACATACGCTA_1,0.0008820455021761031
P1TLH_GAGCAGACATTGAGCT_1,0.0008803319714059784
P1TLH_CAAGGCCAGAGACTTA_1,0.0008802177376128385
P1TLH_GGAGCAAGTAGGACAC_1,0.0008799621872682652
P1TLH_CGTCCATTCACATACG_1,0.0008797177625456542
P1TLH_CCAATCCAGATCGATA_1,0.0008779132732198603
P1TLH_TCTTTCCTCTGTTTGT_1,0.000877597810332593
P1TLH_GACCTGGAGGGATGGG_1,0.0008773455779109978
P1TLH_CCACTACCATCCCACT_1,0.000874380670986541
P1TLH_TACTTACCAATCTACG_1,0.0008734118721018025
P1TLH_AGCGTCGCATGCCTTC_1,0.0008728878516430699
P1TLH_GCGCCAAAGTCAATAG_1,0.0008700975176589922
P1TLH_TAAGAGAGTCGGCTCA_1,0.0008698324441681822
P1TLH_CCTAGCTCAACTGCTA_1,0.0008694929231954245
P1TLH_CTCGAGGTCGGAAATA_1,0.0008680362051126074
P1TLH_ACGCAGCTCTCGCATC_1,0.0008672199989099066
P1TLH_CACAGTATCAATAAGG_1,0.0008649969753294746
P1TLH_GAACCTATCCTTCAAT_1,0.0008643731475383829
P1TLH_TATTACCAGGATGTAT_1,0.0008643110125098548
P1TLH_TAGAGCTGTTCGTTGA_1,0.0008639159380287204
P1TLH_ACTATCTGTGGGTATG_1,0.0008609093121980957
P1TLH_TCAGATGGTCTAACGT_1,0.0008607635499093392
P1TLH_AAACGGGAGTAGGCCA_1,0.0008593336027006143
P1TLH_CCCAGTTGTTTGTGTG_1,0.0008593243143696077
P1TLH_CAGCATAGTTGCGCAC_1,0.000858528787249946
P1TLH_GCTTCCATCGATCCCT_1,0.0008580771752766522
P1TLH_ATTGGTGAGCTTTGGT_1,0.0008577439287093592
P1TLH_ACCAGTACACGAAAGC_1,0.0008575031945151547
P1TLH_ACATACGTCATAGCAC_1,0.0008570583286433202
P1TLH_CGGACACAGATGTGGC_1,0.0008570577389199356
P1TLH_GTCACGGGTATGAATG_1,0.0008569979618494762
P1TLH_GCTCCTATCTTGTCAT_1,0.0008553471458743697
P1TLH_AAGGTTCAGTGGACGT_1,0.0008550288256970646
P1TLH_GACCAATCAAGTAGTA_1,0.0008538518947245069
P1TLH_CCATTCGCACTCGACG_1,0.0008536005106860038
P1TLH_CTACATTTCCTTTACA_1,0.0008532437112400812
P1TLH_CTACGTCGTAGCGTCC_1,0.0008528952953332686
P1TLH_GCAAACTAGCTAGTGG_1,0.0008522073491491134
P1TLH_ACACTGACAGGGCATA_1,0.0008513311696549605
P1TLH_CTAATGGGTATCTGCA_1,0.0008506984673844486
P1TLH_GTGCAGCCATATGGTC_1,0.0008499428391323819
P1TLH_ACTTTCAGTCCAACTA_1,0.0008488955322989299
P1TLH_TAAACCGCACGACTCG_1,0.0008477080971530855
P1TLH_ACAGCCGTCGGAGCAA_1,0.0008476049605995971
P1TLH_AAAGCAAGTCGCGTGT_1,0.0008463144294880946
P1TLH_CGTCTACGTAAAGGAG_1,0.0008456961221654545
P1TLH_TAGACCATCATGCAAC_1,0.0008454878219432538
P1TLH_CAACCAACAATCCGAT_1,0.0008451349914785193
P1TLH_ACCTTTAGTCCGAATT_1,0.0008430060089149108
P1TLH_TGAGAGGCATTCACTT_1,0.0008418494455844808
P1TLH_CCGTTCACATTAGGCT_1,0.0008417661341631834
P1TLH_CACATAGCACTGAAGG_1,0.0008415397453539892
P1TLH_TGAGCCGTCTCTGAGA_1,0.0008386104119347358
P1TLH_CCCATACCACTTGGAT_1,0.0008384631121468962
P1TLH_ACAGCCGCATCGTCGG_1,0.0008382450190414921
P1TLH_AAACCTGAGCAGCCTC_1,0.0008355638016320043
P1TLH_CTCACACTCTATGTGG_1,0.0008355227628160412
P1TLH_GATGAAATCGGCCGAT_1,0.000834911627539955
P1TLH_CTCGTACAGGAGTCTG_1,0.0008333244127807543
P1TLH_CAACCTCAGATGTTAG_1,0.0008327232480402822
P1TLH_GACCTGGGTTAAAGAC_1,0.0008321862266893315
P1TLH_CGCTTCAAGGGTCTCC_1,0.0008262711576507129
P1TLH_CACATAGGTCTAGTGT_1,0.0008262333450088541
P1TLH_GAACGGAAGTCTCAAC_1,0.0008249289801172608
P1TLH_GGACAGAGTCTCGTTC_1,0.0008247367268780642
P1TLH_ACGGGTCGTGCCTGCA_1,0.0008245949536191108
P1TLH_AGATTGCTCAAAGTAG_1,0.0008244880578928134
P1TLH_TACTCATGTAGCGTAG_1,0.0008197837211043768
P1TLH_ATAAGAGCACGTGAGA_1,0.0008196100169739666
P1TLH_ACTGTCCGTGTCCTCT_1,0.0008190551135988922
P1TLH_CCGTACTGTGTTCGAT_1,0.000818998756705085
P1TLH_AGGGATGAGGTCGGAT_1,0.0008185622682364498
P1TLH_AAATGCCAGAGATGAG_1,0.000817996551737102
P1TLH_TCGGGACAGACGACGT_1,0.000816575368756938
P1TLH_CATGCCTAGCTTATCG_1,0.0008154796298608106
P1TLH_GACGTGCGTCCCTACT_1,0.0008134827306985932
P1TLH_AAAGCAACAGTAAGAT_1,0.0008124167459681018
P1TLH_CCACGGATCACCCTCA_1,0.0008110849952638094
P1TLH_ATGAGGGGTATATCCG_1,0.0008093527496280039
P1TLH_ACTTTCAAGACTGTAA_1,0.0008088673174690959
P1TLH_CCCTCCTTCGAGAGCA_1,0.0008082174918343318
P1TLH_CCTTTCTCATCTCGCT_1,0.0008071305440582377
P1TLH_AGCATACCAATGTTGC_1,0.0008060425904045801
P1TLH_CTTTGCGAGGATGTAT_1,0.000805380298076694
P1TLH_GGTGTTAGTAGTAGTA_1,0.0008038858770744054
P1TLH_CCGGTAGCAAGGCTCC_1,0.0008031373117849065
P1TLH_TGACTAGGTATAGGTA_1,0.0008029924975699102
P1TLH_ATCCGAAGTTCAGCGC_1,0.0008029292283548492
P1TLH_CAACCTCCATGAACCT_1,0.0008014874224935763
P1TLH_CGCCAAGGTCCAGTAT_1,0.0008012074134410664
P1TLH_CGATGTATCAAACCGT_1,0.0008003036402136993
P1TLH_CTCGTACCAGCCACCA_1,0.000799720316004848
P1TLH_TGCCCTAAGGAGCGAG_1,0.0007989445430443038
P1TLH_ACATGGTCACATGACT_1,0.0007945960995160882
P1TLH_CACAGTAGTCTGGAGA_1,0.0007936468095445784
P1TLH_CAGAGAGCAGCTCGCA_1,0.0007919544365467959
P1TLH_TCTGGAACACCACGTG_1,0.0007914081460688138
P1TLH_AAGGCAGCAGCAGTTT_1,0.0007911617733293148
P1TLH_CCTAGCTGTTATGCGT_1,0.0007907185951013136
P1TLH_GTCTCGTTCCTTCAAT_1,0.0007902066128129951
P1TLH_TGGGAAGAGACAGAGA_1,0.0007893574985844441
P1TLH_TCTCTAAAGACCGGAT_1,0.0007890964386404091
P1TLH_CGTTGGGGTATTACCG_1,0.0007881900804944619
P1TLH_CACATTTGTCGCGGTT_1,0.0007881435786965493
P1TLH_TGGGAAGTCAGTTTGG_1,0.0007846479795065959
P1TLH_GTCTCGTAGAGGTACC_1,0.0007844173931549649
P1TLH_CGACCTTAGTCTTGCA_1,0.0007833972081701797
P1TLH_CTAGAGTCAGCTGTGC_1,0.0007833005676321239
P1TLH_TGCGCAGCAATGTTGC_1,0.0007827353977920654
P1TLH_GGCTCGAAGAAGCCCA_1,0.0007826602843743637
P1TLH_GACGTTAAGATGTCGG_1,0.0007826168120606165
P1TLH_CAAGATCAGAGTGACC_1,0.0007822854672894227
P1TLH_CCCTCCTAGTGTACTC_1,0.0007817397161072726
P1TLH_CTCGGAGAGTTCGCAT_1,0.0007811469263065146
P1TLH_GCCAAATTCCCTTGCA_1,0.0007811331945787033
P1TLH_ACTTGTTGTAGCAAAT_1,0.0007798379337658437
P1TLH_GAACGGATCGTATCAG_1,0.00077946692142685
P1TLH_ACGGGCTGTGACTCAT_1,0.0007792227302092912
P1TLH_GCTTCCATCGGAGCAA_1,0.0007765904133818944
P1TLH_TACTTACCACGAGAGT_1,0.0007750508024169289
P1TLH_AGCGGTCGTGTGTGCC_1,0.0007746765488430693
P1TLH_GACCTGGAGTGACATA_1,0.0007745140776982654
P1TLH_CAAGAAAAGCTAGTCT_1,0.000774137429766593
P1TLH_GTGCTTCGTGCACCAC_1,0.0007740462432751025
P1TLH_AGAGTGGGTCCCTACT_1,0.0007737520550421719
P1TLH_GGGATGAGTCGAAAGC_1,0.000773182638153339
P1TLH_ATGTGTGAGTGTTAGA_1,0.0007724493304999566
P1TLH_ACTGAACTCATGTGGT_1,0.0007696576527054933
P1TLH_TAAGAGACATCGGTTA_1,0.0007675673276855552
P1TLH_CTGCTGTTCTAACTGG_1,0.0007665349051409753
P1TLH_GAACGGATCATCGATG_1,0.0007660037877232885
P1TLH_TAAGAGATCATGTGGT_1,0.0007633958647893621
P1TLH_TAGGCATAGATATGGT_1,0.0007623920052655667
P1TLH_TACTCATCACGCTTTC_1,0.0007603654942863662
P1TLH_CGCTGGAAGAGATGAG_1,0.000759005832262958
P1TLH_CCGGGATCACATTAGC_1,0.0007589313980819315
P1TLH_TGGCTGGCAAGTTAAG_1,0.0007587401012125192
P1TLH_TCATTACGTGAAAGAG_1,0.000758317263947384
P1TLH_CCACTACCATAGTAAG_1,0.0007582416125429909
P1TLH_GTCACAACATTCCTCG_1,0.0007571147699881442
P1TLH_GGGCACTAGTGAACGC_1,0.0007552058037983194
P1TLH_GTGTGCGTCTATGTGG_1,0.0007549433667558918
P1TLH_TAGAGCTTCGTCCAGG_1,0.0007533155925034876
P1TLH_GTGGGTCGTGTATGGG_1,0.0007531832922994406
P1TLH_CGAACATGTCTGGTCG_1,0.0007521710505276053
P1TLH_CGTTGGGAGCTTTGGT_1,0.0007512397935428342
P1TLH_GATCGCGAGTGGCACA_1,0.0007509806530845774
P1TLH_ATTCTACTCCGTTGTC_1,0.0007490564496453107
P1TLH_TGACTTTTCATACGGT_1,0.0007488417535483522
P1TLH_GTCACGGCATCCGCGA_1,0.0007472928287587023
P1TLH_AGTAGTCAGAGCTATA_1,0.0007471224737291371
P1TLH_ATCGAGTTCACTTCAT_1,0.0007460606236870879
P1TLH_CTAGTGACAATCGGTT_1,0.0007458773482447405
P1TLH_ACTTTCATCGGCATCG_1,0.0007457164791972737
P1TLH_CCGTTCATCTAACGGT_1,0.000745007961945329
P1TLH_AAGCCGCAGCTAGTGG_1,0.000743981569169255
P1TLH_GATCGCGAGAGTCGGT_1,0.0007435345134214082
P1TLH_CAACTAGCACACGCTG_1,0.0007429950679302105
P1TLH_GGATTACGTTCCACAA_1,0.0007427955582013119
P1TLH_GCAGCCACAATCACAC_1,0.0007421023751135137
P1TLH_CCATGTCGTGGTAACG_1,0.0007418627623005307
P1TLH_CTGATAGCAATGACCT_1,0.0007414021936981435
P1TLH_GCTGCTTAGAAACGAG_1,0.0007407613042687776
P1TLH_GTCACGGAGTACGCGA_1,0.0007407328366249924
P1TLH_ATGGGAGTCTCTAAGG_1,0.0007406916825749685
P1TLH_ATGTGTGAGGAATGGA_1,0.0007404065432345338
P1TLH_ATAACGCAGAATAGGG_1,0.0007384898181703267
P1TLH_AGGGAGTCATCCCATC_1,0.0007378432142091225
P1TLH_GGCGTGTTCACCCGAG_1,0.0007375922841438072
P1TLH_GTGCGGTTCCCATTAT_1,0.000737429250715449
P1TLH_GAAGCAGGTAGAGTGC_1,0.0007356277719201759
P1TLH_CGTAGCGCACAAGACG_1,0.0007335961595118185
P1TLH_TGAGCATGTATTACCG_1,0.0007334883001386539
P1TLH_CCCATACTCTGATTCT_1,0.0007328587525137199
P1TLH_GGGTTGCCAAGTCATC_1,0.0007327058305617851
P1TLH_GTAGTCACATCGGGTC_1,0.0007326477216856814
P1TLH_TAGTGGTCAGCCTGTG_1,0.0007324842548248427
P1TLH_CATCGAAGTCAGCTAT_1,0.0007324556232604741
P1TLH_GCTTCCAAGGCGATAC_1,0.0007321784166447673
P1TLH_GTCACGGCACCAGGCT_1,0.0007320582407627937
P1TLH_CGCTATCTCACGAAGG_1,0.0007312473262894161
P1TLH_CCCATACCAATCTACG_1,0.0007309576709972922
P1TLH_ATAACGCGTCACTGGC_1,0.0007307407745804022
P1TLH_ACTATCTAGTCGCCGT_1,0.0007305702710785187
P1TLH_AGGCCGTTCGGCGCTA_1,0.0007293327836954493
P1TLH_AAGGTTCCAGCCACCA_1,0.0007287538750293736
P1TLH_CCTTCCCAGTGTACGG_1,0.0007271428577215228
P1TLH_TGACTTTAGCGTGAGT_1,0.0007262724735687038
P1TLH_GGCTGGTTCACCATAG_1,0.0007259367646136141
P1TLH_CGGACACGTAGCCTCG_1,0.0007257159753397246
P1TLH_CTGAAACGTTTCGCTC_1,0.0007255536416327954
P1TLH_GATCTAGGTCATGCCG_1,0.000725397211235561
P1TLH_CTAACTTCATGACGGA_1,0.0007247299848309828
P1TLH_CGGCTAGTCATAGCAC_1,0.0007239651392340864
P1TLH_ACATGGTGTCATCGGC_1,0.0007224862673024708
P1TLH_ATTATCCGTTACGCGC_1,0.0007218456137465867
P1TLH_GAAATGAAGGATGTAT_1,0.000719483993348376
P1TLH_TGCACCTGTCTAGGTT_1,0.0007185673934314526
P1TLH_GACTAACCAAGCGATG_1,0.0007182595280401858
P1TLH_CTCTACGCAAGCCGCT_1,0.0007177299189541809
P1TLH_AAGGAGCCATACAGCT_1,0.0007176821854422473
P1TLH_CCACGGATCCTGTAGA_1,0.0007164795492076487
P1TLH_GTCACGGAGCGACGTA_1,0.0007150426934447997
P1TLH_CTCCTAGCAATGCCAT_1,0.0007137740744730032
P1TLH_CTTACCGGTCGTGGCT_1,0.0007132459991643781
P1TLH_GCATGATTCGTGGTCG_1,0.0007118272669672476
P1TLH_CAGCTAATCTATCGCC_1,0.0007116228359211641
P1TLH_ACACCCTCACGGCCAT_1,0.0007104073017910764
P1TLH_AACACGTCATTAACCG_1,0.0007092585793557389
P1TLH_GTTCTCGGTACCAGTT_1,0.0007083218924360758
P1TLH_CTGATAGGTAGCGTAG_1,0.0007074303981357801
P1TLH_ACGAGCCTCATAACCG_1,0.0007056216480280357
P1TLH_TCTTCGGTCCGAGCCA_1,0.0007041368853083198
P1TLH_AACCGCGTCCACGCAG_1,0.0007041317917387566
P1TLH_CATGACAGTTGGTAAA_1,0.0007041093968032291
P1TLH_CTGTGCTTCTTAGCCC_1,0.0007038929688805315
P1TLH_TACACGACAAGTACCT_1,0.0007027470485659713
P1TLH_CAAGTTGTCCTGCTTG_1,0.0007010227990083351
P1TLH_AACTTTCGTTTGCATG_1,0.0007009053785347059
P1TLH_GATGAAAAGATGCCAG_1,0.0007006440417664532
P1TLH_ATAACGCCACGAAATA_1,0.0007004025239345185
P1TLH_GCATGCGTCACCACCT_1,0.0006998230258695562
P1TLH_CAAGTTGTCACCCGAG_1,0.0006996232812423109
P1TLH_AAATGCCTCATACGGT_1,0.0006983065538430692
P1TLH_GTTCTCGAGAGACTAT_1,0.0006979429475110617
P1TLH_CAACCAAAGGATTCGG_1,0.000696964716829141
P1TLH_GGCTGGTTCTCGCATC_1,0.0006967734398572441
P1TLH_CATATTCAGGAATCGC_1,0.0006962405758659103
P1TLH_TCATTACTCGTAGATC_1,0.0006959289248399501
P1TLH_ACTTTCACATGCAACT_1,0.0006955571580045747
P1TLH_GTGGGTCTCCTTGCCA_1,0.0006947379838018172
P1TLH_ATCGAGTCAATAAGCA_1,0.0006946344396067089
P1TLH_CGCGTTTCATGCCACG_1,0.0006945690983870318
P1TLH_GTTCGGGGTGAGTATA_1,0.0006943765251492741
P1TLH_CAAGAAATCGTTTATC_1,0.0006917891002893565
P1TLH_CCTAAAGCACCCATTC_1,0.0006913845660298225
P1TLH_CAGTCCTGTTGGTGGA_1,0.0006908117583205734
P1TLH_CACAAACAGGCAAAGA_1,0.0006899251039946185
P1TLH_CCCAATCGTGAACCTT_1,0.0006895099020471745
P1TLH_TACCTATGTGTTTGGT_1,0.0006895066250737991
P1TLH_AGAATAGCATCTCCCA_1,0.0006884453895334148
P1TLH_CCAATCCTCGATAGAA_1,0.000688218188900375
P1TLH_CACCAGGCAGACAAAT_1,0.0006879581258996573
P1TLH_AGCTCCTAGGACAGAA_1,0.0006857256597742354
P1TLH_GTTAAGCGTGGAAAGA_1,0.0006851844968928458
P1TLH_CTACATTGTGTCAATC_1,0.0006844908050408966
P1TLH_GAAGCAGCAGGGTTAG_1,0.0006844455372251583
P1TLH_ACTTTCAAGAAACCGC_1,0.0006835122063662685
P1TLH_AGCGTCGAGAACTGTA_1,0.0006833678076749285
P1TLH_TGGCCAGCATCGGACC_1,0.0006826677978640103
P1TLH_TGAGCCGCAGCGAACA_1,0.0006806249079793637
P1TLH_CCATTCGAGTTACGGG_1,0.0006805479166234201
P1TLH_TCAACGATCTCGATGA_1,0.000679869790478012
P1TLH_TCTTCGGCAAGCGATG_1,0.0006798387032963866
P1TLH_CAAGGCCAGGCATGGT_1,0.0006793811151927563
P1TLH_GGACGTCTCCAAACTG_1,0.00067913466956216
P1TLH_CATGGCGTCGCCTGAG_1,0.0006770940283050416
P1TLH_GACTAACTCGTGTAGT_1,0.0006748730082248821
P1TLH_ACTGATGCATAAGACA_1,0.0006746158349413522
P1TLH_ATTCTACTCTGCCAGG_1,0.0006730044416545495
P1TLH_TATCAGGCAAGCGATG_1,0.000672996292545375
P1TLH_CCTTACGTCAAGGTAA_1,0.000672931599113968
P1TLH_GGTATTGAGCTCCTCT_1,0.0006726432831885512
P1TLH_AGGGTGAGTCCGAAGA_1,0.0006717888324189196
P1TLH_CTTCTCTTCCAACCAA_1,0.0006715220349371586
P1TLH_TCGCGAGTCACTTACT_1,0.0006709748799305755
P1TLH_AGAGCTTAGCCACGCT_1,0.0006693565887270126
P1TLH_CGTGTAACATCAGTAC_1,0.000668001036264427
P1TLH_TGCGTGGCACGCCAGT_1,0.0006674875110366543
P1TLH_GGAAAGCTCACATACG_1,0.0006671306109412439
P1TLH_CTGGTCTGTAAGTAGT_1,0.0006659967723630657
P1TLH_TAGAGCTTCGTAGGAG_1,0.0006643510200284705
P1TLH_CTACCCATCTAACCGA_1,0.0006642284373995909
P1TLH_ACAGCTATCGGTGTCG_1,0.0006641811198655964
P1TLH_GCTTGAAGTCGCGGTT_1,0.0006621047709631715
P1TLH_CGAACATAGGACATTA_1,0.0006614914781917933
P1TLH_GTACTTTTCCTTGCCA_1,0.0006614092849084628
P1TLH_CTCGGGACAAGTTCTG_1,0.0006598173315676968
P1TLH_GCGCCAATCTATCCTA_1,0.0006592635879702957
P1TLH_GACCAATAGCGTAATA_1,0.0006582352494266246
P1TLH_TGCTGCTCATTTGCCC_1,0.0006577310059296975
P1TLH_CACCACTGTACGCTGC_1,0.0006567584115177063
P1TLH_GCTTGAATCGCCTGTT_1,0.0006564275315061382
P1TLH_CAAGTTGAGGATATAC_1,0.0006558021572449026
P1TLH_ATCCACCCAAGTCTAC_1,0.000655474894964861
P1TLH_CTACACCTCCTTTCTC_1,0.0006531725302230417
P1TLH_CTCGGAGAGCTAGTGG_1,0.000653094220271096
P1TLH_GTCAAGTGTTATCCGA_1,0.0006523678434616349
P1TLH_AGCATACAGCAAATCA_1,0.0006510049824912275
P1TLH_ATGAGGGAGGAACTGC_1,0.0006509774239804351
P1TLH_ACACCAATCCTCAATT_1,0.0006504342482997614
P1TLH_CGACCTTGTATGCTTG_1,0.0006469398376158703
P1TLH_CCACCTATCACAACGT_1,0.0006469245728422327
P1TLH_CACAGGCCATCTCGCT_1,0.0006460322360763641
P1TLH_CAGAGAGCAATCACAC_1,0.0006442169024351484
P1TLH_CGGACGTGTGCCTGTG_1,0.0006428548307080583
P1TLH_GTTCGGGGTAAATGAC_1,0.0006421856961299324
P1TLH_CGGAGCTTCGTTGACA_1,0.0006416048857955746
P1TLH_ATGTGTGTCATTATCC_1,0.0006407470436207405
P1TLH_GGGACCTGTTTCCACC_1,0.0006407431282588169
P1TLH_TATCTCATCCTAGGGC_1,0.0006389765373122532
P1TLH_GACTACATCTGAAAGA_1,0.0006381693140286035
P1TLH_ATGCGATAGAGGTTGC_1,0.0006366682671276784
P1TLH_AGCTTGAGTCAGAGGT_1,0.0006365926240717506
P1TLH_CGTGTAAGTCCCTTGT_1,0.0006365041424170797
P1TLH_AGCGGTCAGATATGCA_1,0.0006359081792924807
P1TLH_CTGATCCTCCAGTAGT_1,0.0006348454953612093
P1TLH_GATCGATTCTGGTGTA_1,0.0006344815824461193
P1TLH_TCGTAGACAGTATAAG_1,0.0006344424969241545
P1TLH_GGCAATTTCGATCCCT_1,0.0006338154598274834
P1TLH_TACTCGCGTTGTCTTT_1,0.0006330397630367061
P1TLH_CTTCTCTAGCCAGGAT_1,0.0006324675119269093
P1TLH_ATTTCTGGTACGCTGC_1,0.0006312096233263035
P1TLH_TATTACCCACAAGCCC_1,0.000629766742927568
P1TLH_CATGGCGCATCTATGG_1,0.0006292161649977505
P1TLH_CTCGGAGAGCTGAAAT_1,0.0006288650139403602
P1TLH_CATGGCGTCTAACGGT_1,0.0006279334229024464
P1TLH_TCGGTAACACACCGCA_1,0.0006278552059532951
P1TLH_GTTAAGCAGGCACATG_1,0.0006263847423082359
P1TLH_GTTTCTAAGGGTTCCC_1,0.0006258023580475272
P1TLH_GGGCATCCATGGTAGG_1,0.0006257825179969312
P1TLH_CCACCTACACTTAAGC_1,0.0006247262004421797
P1TLH_GTCCTCAGTGATGCCC_1,0.0006244805304324572
P1TLH_GCTCCTAGTTAGTGGG_1,0.000624417286611376
P1TLH_CGGACTGCACCGGAAA_1,0.0006229512555070899
P1TLH_GATGCTAGTATATGAG_1,0.0006222003335360131
P1TLH_GGAATAAAGACTAGGC_1,0.0006219434275604436
P1TLH_CAGCATATCAGTTGAC_1,0.0006201993777678911
P1TLH_GGCAATTGTCGTGGCT_1,0.0006192827242074016
P1TLH_TCTGAGATCGCCAAAT_1,0.0006185566459552491
P1TLH_CAGATCAAGTAGGTGC_1,0.0006172395644311946
P1TLH_CAGCTGGCAGTTCATG_1,0.0006166950677617123
P1TLH_AGTTGGTTCTCCGGTT_1,0.0006155217340505865
P1TLH_TCAATCTGTTTCGCTC_1,0.0006154611278626331
P1TLH_GACTACACACATGGGA_1,0.0006146788826933642
P1TLH_ATAACGCGTTACAGAA_1,0.000614665269975723
P1TLH_GAAATGAAGTCCGTAT_1,0.0006121455204185208
P1TLH_CGATGTACAGCTGCAC_1,0.0006110542002474756
P1TLH_TGCTACCTCTTAACCT_1,0.0006095503684563178
P1TLH_AACCATGCAGCGAACA_1,0.0006093524449325821
P1TLH_CATTCGCTCCGTAGTA_1,0.0006086654574266585
P1TLH_CCTATTAAGTCCGTAT_1,0.0006071794215475525
P1TLH_CTTAGGAAGTTTCCTT_1,0.0006065060164101397
P1TLH_TACCTTAGTGTGGCTC_1,0.0006063093425915737
P1TLH_TCTCATAAGCGATCCC_1,0.0006062623342274642
P1TLH_TGCGCAGTCACAATGC_1,0.0006062426501352323
P1TLH_GGACATTGTCAGAATA_1,0.0006054875598887742
P1TLH_TCGCGTTAGTACGACG_1,0.0006053066725038411
P1TLH_CGTGTCTGTATGAAAC_1,0.0006052315519113384
P1TLH_CGTTGGGCAGCTCCGA_1,0.0006051927114055181
P1TLH_CACTCCATCGGCTTGG_1,0.0006040929990604758
P1TLH_AGACGTTAGTCGCCGT_1,0.0006038274253295902
P1TLH_GACCAATCACCAGGTC_1,0.0006037788980188247
P1TLH_GATCAGTGTGAGGGTT_1,0.0006033147261327139
P1TLH_TGCCCTACAAGCCGCT_1,0.0006026330665152619
P1TLH_CGTAGGCTCTGTCTCG_1,0.0006020277226074788
P1TLH_AGAGTGGTCTCCCTGA_1,0.0006007897075611305
P1TLH_CAGTCCTTCTGTGCAA_1,0.0005988326065174918
P1TLH_GTATCTTGTTCGTGAT_1,0.0005984590112738095
P1TLH_TATGCCCTCTGCCCTA_1,0.0005979956788854432
P1TLH_AGAATAGTCATGTCCC_1,0.0005977222470347976
P1TLH_GCATGCGGTAGAGTGC_1,0.0005976193542501701
P1TLH_GGACAGAGTCCTCTTG_1,0.0005962383836188819
P1TLH_TCAGCTCAGTGGGTTG_1,0.0005953378133383007
P1TLH_ACGGGCTTCAGTTGAC_1,0.0005949720582423524
P1TLH_GTACTTTAGATCGATA_1,0.0005945619682505968
P1TLH_CATCCACCAATGTTGC_1,0.0005938965124961704
P1TLH_CGGACTGGTAGTAGTA_1,0.0005930082873112464
P1TLH_ACGGCCAGTCTAGTGT_1,0.000592107477388241
P1TLH_TCGTACCCATTTGCCC_1,0.0005901437199800112
P1TLH_TGACGGCCACGGATAG_1,0.0005885744237447594
P1TLH_CTTACCGCAATGGATA_1,0.0005876367823947554
P1TLH_AGAATAGGTTTGACTG_1,0.0005861767216374306
P1TLH_TGACGGCGTTGGTGGA_1,0.0005849169475655451
P1TLH_AGTCTTTTCTCCAACC_1,0.0005837701452407752
P1TLH_GTACGTATCTATCGCC_1,0.0005834798574647854
P1TLH_CACATAGCAAAGTGCG_1,0.0005815478889107893
P1TLH_GAACATCCATCGACGC_1,0.000580635357149558
P1TLH_ACGCCAGTCTATCCTA_1,0.0005796928476069122
P1TLH_CTCAGAATCATATCGG_1,0.0005795483239021867
P1TLH_CGGCTAGTCTGTCAAG_1,0.0005790862249493435
P1TLH_GAACCTAAGGTGCTAG_1,0.0005786453175995564
P1TLH_TGGACGCTCCTCTAGC_1,0.000576267384386959
P1TLH_TGAAAGATCGTCCGTT_1,0.0005760676919833112
P1TLH_GGAGCAAGTAGAAGGA_1,0.0005757740355048989
P1TLH_GGTGTTATCACAGTAC_1,0.0005741629700004935
P1TLH_AGCCTAACAAGGTTCT_1,0.0005740786320270327
P1TLH_TGCGCAGGTCAGAAGC_1,0.0005707132033223488
P1TLH_CGACTTCCACTGAAGG_1,0.000570084855368771
P1TLH_CGTCAGGGTCGCTTTC_1,0.0005698630946610556
P1TLH_CGTGTAACATCCAACA_1,0.0005685901622167552
P1TLH_AGGTCCGAGTTCCACA_1,0.0005684751781212702
P1TLH_AGGCCGTGTTCGCTAA_1,0.0005684705672302385
P1TLH_ATGTGTGAGAGTAAGG_1,0.0005646341640332316
P1TLH_CTACGTCCATCACGAT_1,0.0005639818543568563
P1TLH_TCGTAGATCTGTTGAG_1,0.0005638694845598193
P1TLH_ACGGAGATCTATCGCC_1,0.0005622547901241036
P1TLH_AGTCTTTAGGAGCGTT_1,0.0005614629707761864
P1TLH_GACCTGGAGCGCTTAT_1,0.000560000532543859
P1TLH_GACTAACTCATGTCCC_1,0.0005595146590822252
P1TLH_AACTCAGCATCGTCGG_1,0.0005591818334300718
P1TLH_CGTGTCTCATATGGTC_1,0.0005564531662425597
P1TLH_CGTAGGCGTCTAAACC_1,0.000555516988746112
P1TLH_CTGCCTAGTTCAGGCC_1,0.0005552976574616268
P1TLH_CACACTCTCCGAGCCA_1,0.0005551472024319024
P1TLH_CTCTACGTCGAGCCCA_1,0.0005548604126648125
P1TLH_CTAAGACTCAGGTTCA_1,0.0005538560028217396
P1TLH_TGCTGCTCACATGGGA_1,0.000552327046827163
P1TLH_CGATCGGTCACAATGC_1,0.0005489195968682823
P1TLH_CTCAGAAGTGTGACGA_1,0.0005475727157348275
P1TLH_CGATGTAGTTGCTCCT_1,0.0005443065995731431
P1TLH_GATCTAGCATGACGGA_1,0.0005437095629651652
P1TLH_GCGCAACAGGCTATCT_1,0.0005433302069459954
P1TLH_AACACGTCAATCACAC_1,0.0005421626854011252
P1TLH_GAGCAGATCCAAGTAC_1,0.0005419706371982023
P1TLH_CACACTCAGATGCGAC_1,0.0005415568629471357
P1TLH_AGAGCGAGTCTGCAAT_1,0.0005375309578860107
P1TLH_CGGACGTGTGACTCAT_1,0.0005371029468848246
P1TLH_TCTGGAAAGACTAGGC_1,0.0005351150883230865
P1TLH_GGAATAAAGGTGCACA_1,0.0005350086605188302
P1TLH_CTCGGGACAGTCGTGC_1,0.0005341834819257954
P1TLH_TATGCCCTCGTAGGAG_1,0.0005333857867309295
P1TLH_CCGTACTTCCATTCTA_1,0.0005326491001788676
P1TLH_GGTATTGAGTTATCGC_1,0.0005286941109108553
P1TLH_TCTTCGGGTGCGAAAC_1,0.0005279237178018425
P1TLH_ACCTTTACAGCATGAG_1,0.0005277496929710534
P1TLH_GGATTACAGCGTAGTG_1,0.0005263517141914057
P1TLH_GACTGCGTCACAATGC_1,0.000523856695783499
P1TLH_CAAGTTGCATTAGGCT_1,0.0005228447055866761
P1TLH_GTTACAGGTCTCGTTC_1,0.0005177028534936675
P1TLH_CTACACCCAAGTAATG_1,0.0005175424010511111
P1TLH_ACAGCCGTCAGGCGAA_1,0.0005172099996607021
P1TLH_GACACGCTCGGTGTTA_1,0.000516684511687295
P1TLH_GTTCTCGAGGGCACTA_1,0.0005145503652304697
P1TLH_CGCCAAGCATGGTTGT_1,0.000514093208435614
P1TLH_GAATAAGGTCGCGTGT_1,0.0005126269800057153
P1TLH_ACGATACTCAGGATCT_1,0.0005121164927721466
P1TLH_ACACCCTAGCTGAACG_1,0.0005106715231126594
P1TLH_GACCTGGGTAGTAGTA_1,0.0005097591585787861
P1TLH_CTTGGCTAGTAAGTAC_1,0.000504179836122796
P1TLH_AGTGTCAGTCCCGACA_1,0.0005038446591991677
P1TLH_TCAACGAGTAATAGCA_1,0.0005038370938516622
P1TLH_ATAAGAGGTTACTGAC_1,0.0005030135829763839
P1TLH_ACGCCAGCACTCGACG_1,0.0005020700752262383
P1TLH_CCGGTAGTCCCGGATG_1,0.0005007513553865535
P1TLH_CATCGGGCACATTCGA_1,0.0005003894585412237
P1TLH_CGGAGCTCATGCCTAA_1,0.0004941973543499834
P1TLH_CCTTTCTAGTCTCAAC_1,0.0004939443379726216
P1TLH_GCTTGAAAGACAAAGG_1,0.0004937929709771055
P1TLH_CATATTCTCAAGAAGT_1,0.0004935478510896999
P1TLH_GTGAAGGGTGGTCCGT_1,0.000492619055858432
P1TLH_CTTAGGAGTACACCGC_1,0.0004922641653753479
P1TLH_GGGATGAAGGCGACAT_1,0.0004916135671799391
P1TLH_CGTCTACCACGAAATA_1,0.0004915018872547817
P1TLH_CCTCAGTGTCAAAGCG_1,0.0004912773176927996
P1TLH_CCTACACGTCGCGTGT_1,0.0004870628986132118
P1TLH_TCTTCGGTCTCTGTCG_1,0.00048638145002010677
P1TLH_TCGTACCTCACGCATA_1,0.00048365876822763687
P1TLH_CGATCGGAGCTCCTCT_1,0.00047826613346110136
P1TLH_CAGTAACTCGGAGGTA_1,0.000476404938243788
P1TLH_CCTACACGTTTGTTGG_1,0.0004761714176341524
P1TLH_TGGGAAGGTTTAAGCC_1,0.000473201994164959
P1TLH_TATGCCCTCCAAACTG_1,0.0004719774957786429
P1TLH_CACAAACGTAAGAGAG_1,0.00047126246945356187
P1TLH_CTGTTTAAGGAATGGA_1,0.0004709200550709428
P1TLH_GATCGATTCACTTATC_1,0.0004693803867769533
P1TLH_CAGAGAGTCACGCATA_1,0.0004685825944298048
P1TLH_AAGGAGCGTCTTGATG_1,0.00046821078457995574
P1TLH_GTTCATTAGTTCGATC_1,0.0004677797563791511
P1TLH_GTTACAGAGGATCGCA_1,0.0004670424156319704
P1TLH_GGTATTGCAAAGCGGT_1,0.00046476932965134194
P1TLH_CGGACACAGGGATCTG_1,0.00046029439890096064
P1TLH_AAGCCGCAGGGCACTA_1,0.000458704803445335
P1TLH_CGTCACTGTGTGACCC_1,0.0004558261769514063
P1TLH_GGACATTAGAGTGAGA_1,0.0004557756835742701
P1TLH_CTTTGCGGTTATGTGC_1,0.00045430236689115674
P1TLH_TGATTTCCAATGGAGC_1,0.0004527661527492959
P1TLH_CGACTTCGTCCTAGCG_1,0.00045271837870496367
P1TLH_AGGCCACGTAGGACAC_1,0.00045258470532855
P1TLH_CTTACCGTCGTCTGAA_1,0.0004505547076734019
P1TLH_ACGCCGACACAAGTAA_1,0.00045033592101250184
P1TLH_TACAGTGGTCTGCCAG_1,0.00044884656063624005
P1TLH_CCTAGCTCATTGGGCC_1,0.0004487268525348022
P1TLH_TACTTACAGGACCACA_1,0.00044773558878795876
P1TLH_TCGCGTTTCGTGACAT_1,0.00044617575844388657
P1TLH_TACGGTAAGGCGATAC_1,0.0004457806271361295
P1TLH_CATGGCGCAGCTGTTA_1,0.0004455559117089965
P1TLH_AAGGTTCAGCGAAGGG_1,0.00044468122346352583
P1TLH_CTGAAACTCGCCCTTA_1,0.0004402742485737092
P1TLH_TCGAGGCGTTGAGGTG_1,0.000437561397097928
P1TLH_AACCGCGTCGTGGACC_1,0.00043532060380714046
P1TLH_TATCTCAGTGCGATAG_1,0.0004344569941760867
P1TLH_TCAGGATGTTGTCTTT_1,0.0004343364087271698
P1TLH_TACCTTATCCCGACTT_1,0.0004333885057314582
P1TLH_GTTAAGCTCTCAACTT_1,0.0004318023391460609
P1TLH_ATGTGTGCATGACGGA_1,0.0004309465974672872
P1TLH_CGATGGCTCAGTGCAT_1,0.0004263823193996612
P1TLH_GGGAGATCACGTCAGC_1,0.00042554799291839244
P1TLH_GACACGCCAGCGATCC_1,0.0004246572030437625
P1TLH_ACAGCCGAGGTCATCT_1,0.0004212949029117792
P1TLH_ACGCAGCGTAAGGATT_1,0.0004180406292424092
P1TLH_AACTTTCCATACGCCG_1,0.0004139291420990946
P1TLH_AAACCTGTCTAAGCCA_1,0.00041391584036070404
P1TLH_TGGGAAGTCCGTTGCT_1,0.00041055421970905297
P1TLH_CAAGGCCGTGACTACT_1,0.00040865111137314676
P1TLH_CACCACTAGTCTCGGC_1,0.0004047576003982864
P1TLH_CTGCGGAGTCTCCATC_1,0.0004047398563266435
P1TLH_CGTAGCGTCCTTCAAT_1,0.0004032943112237533
P1TLH_AGTGTCAGTAGCAAAT_1,0.00040072374611608186
P1TLH_TCATTTGCATGCCCGA_1,0.00039430321118486965
P1TLH_CGCGTTTGTTGAACTC_1,0.000393812542323811
P1TLH_CAACCTCCAGCTTCGG_1,0.000393591856111095
P1TLH_TCTGGAAGTAGTACCT_1,0.0003901661837801491
P1TLH_GATGAGGGTTGCCTCT_1,0.000388760169013479
P1TLH_ATTACTCCACGGACAA_1,0.00038798868723027103
P1TLH_AGTCTTTTCGGTGTTA_1,0.0003812668427874486
P1TLH_CATCGAACATCCCACT_1,0.0003788903162764542
P1TLH_TCCACACCATAAAGGT_1,0.00037795864714451226
P1TLH_TGTGGTAGTCTGCGGT_1,0.0003770002761066833
P1TLH_CACACTCAGATACACA_1,0.0003764608796496068
P1TLH_GGACGTCTCGGAAACG_1,0.00037342066561291435
P1TLH_GCACATAGTGCGATAG_1,0.00037216222240775513
P1TLH_CGCTATCGTACCAGTT_1,0.00037084097459250316
P1TLH_AGATCTGTCAACACAC_1,0.00036939406857466715
P1TLH_CGGACACAGATGTAAC_1,0.0003692736616494491
P1TLH_TGGCGCACAGGGAGAG_1,0.0003682430979123371
P1TLH_TAGTGGTAGGCCCGTT_1,0.00036580213457916485
P1TLH_CATCAAGCATACAGCT_1,0.00036345523617842946
P1TLH_CAGGTGCTCTTTACAC_1,0.0003597899023936383
P1TLH_CTACATTAGTAGGTGC_1,0.0003586811037490482
P1TLH_CGGACACAGATACACA_1,0.00035820501250769036
P1TLH_CCCAGTTCAAGGTTCT_1,0.0003577958793074464
P1TLH_ATTTCTGCAAACGCGA_1,0.0003568643045691466
P1TLH_CTAGTGAAGACATAAC_1,0.00035454066768649266
P1TLH_GCTGCTTTCGGCTACG_1,0.0003535982670596542
P1TLH_GGGAATGCACAGCGTC_1,0.0003535133166465612
P1TLH_ACCAGTATCTATCCTA_1,0.00035057900885433865
P1TLH_CAAGGCCTCAAGAAGT_1,0.0003504955278691007
P1TLH_GGTGAAGCAGTCCTTC_1,0.00034821040754536286
P1TLH_TACTCATAGCTCTCGG_1,0.000347938450951401
P1TLH_CGCTATCCACGAAACG_1,0.0003458932645403216
P1TLH_ACCAGTAAGCGCCTCA_1,0.00034181662414085884
P1TLH_GTCGTAAAGGACGAAA_1,0.0003330580834562171
P1TLH_AGGGATGTCTCCTATA_1,0.0003318554429261398
P1TLH_TACCTTAGTACCGCTG_1,0.00032884465454375916
P1TLH_GAACCTACAAAGGAAG_1,0.00032866633071555116
P1TLH_CTACGTCTCCTCAATT_1,0.0003183117301042231
P1TLH_CCACCTAAGCGTTTAC_1,0.00030377667658103443
P1TLH_TACTCGCTCTAGAGTC_1,0.00030096593771765655
P1TLH_ACACCGGAGGATGGAA_1,0.00029728503541724433
P1TLH_GCGCAACAGTACGATA_1,0.00029202924914546713
P1TLH_CCGTACTCAGGAATGC_1,0.0002905433668592851
P1TLH_CGTGAGCTCAAACGGG_1,0.0002871989203650079
P1TLH_TACGGATGTTCGTCTC_1,0.000282752186621134
P1TLH_TGAGGGATCAAACCAC_1,0.0002779147419907278
P1TLH_GTCGGGTAGCTGAAAT_1,0.0002741457450855227
P1TLH_CGCGGTATCTTTAGTC_1,0.0002629130132993057
P1TLH_GCATACAGTGCAGGTA_1,0.00025161798715108905
P1TLH_AACGTTGAGGCTCAGA_1,0.00024235817309158412
P1TLH_TCGCGAGCAAAGCGGT_1,0.00024147407748913743
P1TLH_TGCGCAGCATCACAAC_1,0.00023358073441556235
P1TLH_CATCAGAGTACAGTGG_1,0.00023025013900553824
P1TLH_CCATGTCTCTGTCTCG_1,0.00022861481108408434
P1TLH_GGATGTTGTGCCTGGT_1,0.00022763548029968586
P1TLH_CATCAAGTCTTGTTTG_1,0.00021519313058502413
P1TLH_ATCTACTCAGCCACCA_1,0.00014633557261145024
